Underlying,Strike,IV,TTM,RF,DivRate
85.65844188147227,84.76917628074074,0.23,142,0.045,0.051785406106137744
