Asset1,Asset2,Asset3
0.03940356544922954,0.006246644291758709,0.007122908369088588
0.006246644291758708,0.03868281459639443,0.007057463328067555
0.007122908369088588,0.007057463328067556,0.05029666955579424
