RF,Expected_Value_1,Expected_Value_2,Expected_Value_3
0.045,0.11829640355152221,0.1176229586764006,0.12781033079257811
