weight1,weight2,weight3
0.34575269624505167,0.27249649147729477,0.38175081227765356
